<application>
  <component name="FileTypeManager" version="17">
    <ignoreFiles list="*$py.class;*.hprof;*.pyc;*.pyo;*.rbc;*.yarb;*~;.DS_Store;.git;.hg;.svn;CVS;__pycache__;_svn;vssver.scc;vssver2.scc;" />
    <extensionMap>
      <mapping pattern="start_parameter_search" type="PLAIN_TEXT" />
      <mapping pattern="start_parameter_search.sh" type="PLAIN_TEXT" />
      <mapping ext="urdf" type="PLAIN_TEXT" />
      <mapping ext="data-00000-of-00001" type="PLAIN_TEXT" />
      <mapping ext="stl" type="PLAIN_TEXT" />
      <mapping ext="sdf" type="PLAIN_TEXT" />
    </extensionMap>
  </component>
</application>