<application>
  <component name="ProjectJdkTable">
    <jdk version="2">
      <name value="Python 3.6" />
      <type value="Python SDK" />
      <version value="Python 3.6.9" />
      <homePath value="/usr/bin/python3.6" />
      <roots>
        <classPath>
          <root type="composite">
            <root url="file:///usr/lib/python3.6" type="simple" />
            <root url="file:///usr/lib/python3.6/lib-dynload" type="simple" />
            <root url="file://$USER_HOME$/.local/lib/python3.6/site-packages" type="simple" />
            <root url="file://$USER_HOME$/parkour-training" type="simple" />
            <root url="file://$USER_HOME$/pybullet-gym" type="simple" />
            <root url="file://$USER_HOME$/reinforcement/gym-YumiReacher" type="simple" />
            <root url="file://$USER_HOME$/rlpyt" type="simple" />
            <root url="file://$USER_HOME$/reinforcement/deepmove" type="simple" />
            <root url="file://$USER_HOME$/bindsnet" type="simple" />
            <root url="file:///usr/local/lib/python3.6/dist-packages" type="simple" />
            <root url="file:///usr/lib/python3/dist-packages" type="simple" />
            <root url="file://$USER_HOME$/.PyCharmCE2019.3/system/python_stubs/-1247971763" type="simple" />
            <root url="file://$APPLICATION_HOME_DIR$/plugins/python-ce/helpers/python-skeletons" type="simple" />
            <root url="file://$APPLICATION_HOME_DIR$/plugins/python-ce/helpers/typeshed/stdlib/3" type="simple" />
            <root url="file://$APPLICATION_HOME_DIR$/plugins/python-ce/helpers/typeshed/stdlib/2and3" type="simple" />
            <root url="file://$APPLICATION_HOME_DIR$/plugins/python-ce/helpers/typeshed/third_party/3" type="simple" />
            <root url="file://$APPLICATION_HOME_DIR$/plugins/python-ce/helpers/typeshed/third_party/2and3" type="simple" />
          </root>
        </classPath>
        <sourcePath>
          <root type="composite" />
        </sourcePath>
      </roots>
      <additional />
    </jdk>
    <jdk version="2">
      <name value="Python 3.6 (softlearning)" />
      <type value="Python SDK" />
      <version value="Python 3.6.8" />
      <homePath value="$USER_HOME$/softlearning/venv/bin/python" />
      <roots>
        <classPath>
          <root type="composite">
            <root url="file:///usr/lib/python3.6" type="simple" />
            <root url="file:///usr/lib/python3.6/lib-dynload" type="simple" />
            <root url="file://$USER_HOME$/softlearning/venv/lib/python3.6/site-packages" type="simple" />
            <root url="jar://$USER_HOME$/softlearning/venv/lib/python3.6/site-packages/setuptools-40.8.0-py3.6.egg!/" type="simple" />
            <root url="file://$USER_HOME$/softlearning/venv/lib/python3.6/site-packages/pip-19.0.3-py3.6.egg" type="simple" />
            <root url="file://$USER_HOME$/.PyCharmCE2019.2/system/python_stubs/-250065275" type="simple" />
            <root url="file://$APPLICATION_HOME_DIR$/helpers/python-skeletons" type="simple" />
            <root url="file://$APPLICATION_HOME_DIR$/helpers/typeshed/stdlib/3" type="simple" />
            <root url="file://$APPLICATION_HOME_DIR$/helpers/typeshed/stdlib/2and3" type="simple" />
            <root url="file://$APPLICATION_HOME_DIR$/helpers/typeshed/third_party/3" type="simple" />
            <root url="file://$APPLICATION_HOME_DIR$/helpers/typeshed/third_party/2and3" type="simple" />
          </root>
        </classPath>
        <sourcePath>
          <root type="composite" />
        </sourcePath>
      </roots>
      <additional ASSOCIATED_PROJECT_PATH="$USER_HOME$/softlearning" />
    </jdk>
    <jdk version="2">
      <name value="Python 3.6 (reinforcement)" />
      <type value="Python SDK" />
      <version value="Python 3.6.8" />
      <homePath value="$USER_HOME$/reinforcement/venv/bin/python" />
      <roots>
        <classPath>
          <root type="composite">
            <root url="file:///usr/lib/python3.6" type="simple" />
            <root url="file:///usr/lib/python3.6/lib-dynload" type="simple" />
            <root url="file://$USER_HOME$/reinforcement/venv/lib/python3.6/site-packages" type="simple" />
            <root url="jar://$USER_HOME$/reinforcement/venv/lib/python3.6/site-packages/setuptools-40.8.0-py3.6.egg!/" type="simple" />
            <root url="file://$USER_HOME$/reinforcement/venv/lib/python3.6/site-packages/pip-19.0.3-py3.6.egg" type="simple" />
            <root url="file://$USER_HOME$/reinforcement/gym-YumiReacher" type="simple" />
            <root url="file://$USER_HOME$/reinforcement/deepmove" type="simple" />
            <root url="file://$USER_HOME$/rlpyt" type="simple" />
            <root url="file://$USER_HOME$/.PyCharmCE2019.2/system/python_stubs/387993678" type="simple" />
            <root url="file://$APPLICATION_HOME_DIR$/helpers/python-skeletons" type="simple" />
            <root url="file://$APPLICATION_HOME_DIR$/helpers/typeshed/stdlib/3" type="simple" />
            <root url="file://$APPLICATION_HOME_DIR$/helpers/typeshed/stdlib/2and3" type="simple" />
            <root url="file://$APPLICATION_HOME_DIR$/helpers/typeshed/third_party/3" type="simple" />
            <root url="file://$APPLICATION_HOME_DIR$/helpers/typeshed/third_party/2and3" type="simple" />
          </root>
        </classPath>
        <sourcePath>
          <root type="composite" />
        </sourcePath>
      </roots>
      <additional ASSOCIATED_PROJECT_PATH="$USER_HOME$/reinforcement" />
    </jdk>
    <jdk version="2">
      <name value="Python 3.6 (tf_agents)" />
      <type value="Python SDK" />
      <version value="Python 3.6.8" />
      <homePath value="$USER_HOME$/reinforcement/tf_agents/venv/bin/python" />
      <roots>
        <classPath>
          <root type="composite">
            <root url="file:///usr/lib/python3.6" type="simple" />
            <root url="file:///usr/lib/python3.6/lib-dynload" type="simple" />
            <root url="file://$USER_HOME$/reinforcement/tf_agents/venv/lib/python3.6/site-packages" type="simple" />
            <root url="jar://$USER_HOME$/reinforcement/tf_agents/venv/lib/python3.6/site-packages/setuptools-40.8.0-py3.6.egg!/" type="simple" />
            <root url="file://$USER_HOME$/reinforcement/tf_agents/venv/lib/python3.6/site-packages/pip-19.0.3-py3.6.egg" type="simple" />
            <root url="file://$USER_HOME$/.PyCharmCE2019.2/system/python_stubs/-1478275014" type="simple" />
            <root url="file://$APPLICATION_HOME_DIR$/helpers/python-skeletons" type="simple" />
            <root url="file://$APPLICATION_HOME_DIR$/helpers/typeshed/stdlib/3" type="simple" />
            <root url="file://$APPLICATION_HOME_DIR$/helpers/typeshed/stdlib/2and3" type="simple" />
            <root url="file://$APPLICATION_HOME_DIR$/helpers/typeshed/third_party/3" type="simple" />
            <root url="file://$APPLICATION_HOME_DIR$/helpers/typeshed/third_party/2and3" type="simple" />
          </root>
        </classPath>
        <sourcePath>
          <root type="composite" />
        </sourcePath>
      </roots>
      <additional ASSOCIATED_PROJECT_PATH="$USER_HOME$/reinforcement" />
    </jdk>
    <jdk version="2">
      <name value="Python 3.6 (venv)" />
      <type value="Python SDK" />
      <version value="Python 3.6.8" />
      <homePath value="$USER_HOME$/venv/bin/python" />
      <roots>
        <classPath>
          <root type="composite">
            <root url="file:///usr/lib/python3.6" type="simple" />
            <root url="file:///usr/lib/python3.6/lib-dynload" type="simple" />
            <root url="file://$USER_HOME$/venv/lib/python3.6/site-packages" type="simple" />
            <root url="jar://$USER_HOME$/venv/lib/python3.6/site-packages/setuptools-40.8.0-py3.6.egg!/" type="simple" />
            <root url="file://$USER_HOME$/venv/lib/python3.6/site-packages/pip-19.0.3-py3.6.egg" type="simple" />
            <root url="file://$USER_HOME$/.PyCharmCE2019.2/system/python_stubs/-246122708" type="simple" />
            <root url="file://$APPLICATION_HOME_DIR$/helpers/python-skeletons" type="simple" />
            <root url="file://$APPLICATION_HOME_DIR$/helpers/typeshed/stdlib/3" type="simple" />
            <root url="file://$APPLICATION_HOME_DIR$/helpers/typeshed/stdlib/2and3" type="simple" />
            <root url="file://$APPLICATION_HOME_DIR$/helpers/typeshed/third_party/3" type="simple" />
            <root url="file://$APPLICATION_HOME_DIR$/helpers/typeshed/third_party/2and3" type="simple" />
          </root>
        </classPath>
        <sourcePath>
          <root type="composite" />
        </sourcePath>
      </roots>
      <additional ASSOCIATED_PROJECT_PATH="$USER_HOME$/reinforcement" />
    </jdk>
    <jdk version="2">
      <name value="Python 3.6 (rlpyt)" />
      <type value="Python SDK" />
      <homePath value="$USER_HOME$/rlpyt/venv/bin/python" />
      <roots>
        <classPath>
          <root type="composite">
            <root url="file:///usr/lib/python3.6" type="simple" />
            <root url="file:///usr/lib/python3.6/lib-dynload" type="simple" />
            <root url="file://$USER_HOME$/rlpyt/venv/lib/python3.6/site-packages" type="simple" />
            <root url="jar://$USER_HOME$/rlpyt/venv/lib/python3.6/site-packages/setuptools-40.8.0-py3.6.egg!/" type="simple" />
            <root url="file://$USER_HOME$/rlpyt/venv/lib/python3.6/site-packages/pip-19.0.3-py3.6.egg" type="simple" />
            <root url="file://$USER_HOME$/reinforcement/gym-YumiReacher" type="simple" />
            <root url="file://$USER_HOME$/.PyCharmCE2019.2/system/python_stubs/-814579666" type="simple" />
            <root url="file://$APPLICATION_HOME_DIR$/helpers/python-skeletons" type="simple" />
            <root url="file://$APPLICATION_HOME_DIR$/helpers/typeshed/stdlib/3" type="simple" />
            <root url="file://$APPLICATION_HOME_DIR$/helpers/typeshed/stdlib/2and3" type="simple" />
            <root url="file://$APPLICATION_HOME_DIR$/helpers/typeshed/third_party/3" type="simple" />
            <root url="file://$APPLICATION_HOME_DIR$/helpers/typeshed/third_party/2and3" type="simple" />
          </root>
        </classPath>
        <sourcePath>
          <root type="composite" />
        </sourcePath>
      </roots>
      <additional ASSOCIATED_PROJECT_PATH="$USER_HOME$/rlpyt" />
    </jdk>
    <jdk version="2">
      <name value="Python 3.6 (pc)" />
      <type value="Python SDK" />
      <version value="Python 3.6.8" />
      <homePath value="$USER_HOME$/pc/venv/bin/python" />
      <roots>
        <classPath>
          <root type="composite">
            <root url="file:///usr/lib/python3.6" type="simple" />
            <root url="file:///usr/lib/python3.6/lib-dynload" type="simple" />
            <root url="file://$USER_HOME$/pc/venv/lib/python3.6/site-packages" type="simple" />
            <root url="file://$USER_HOME$/.local/lib/python3.6/site-packages" type="simple" />
            <root url="file://$USER_HOME$/pc/gym-gazebo2" type="simple" />
            <root url="file://$USER_HOME$/pc/archive/py3gazebo" type="simple" />
            <root url="file:///usr/local/lib/python3.6/dist-packages" type="simple" />
            <root url="file:///usr/lib/python3/dist-packages" type="simple" />
            <root url="file://$USER_HOME$/.PyCharmCE2019.2/system/python_stubs/-1717740240" type="simple" />
            <root url="file://$APPLICATION_HOME_DIR$/helpers/python-skeletons" type="simple" />
            <root url="file://$APPLICATION_HOME_DIR$/helpers/typeshed/stdlib/3" type="simple" />
            <root url="file://$APPLICATION_HOME_DIR$/helpers/typeshed/stdlib/2and3" type="simple" />
            <root url="file://$APPLICATION_HOME_DIR$/helpers/typeshed/third_party/3" type="simple" />
            <root url="file://$APPLICATION_HOME_DIR$/helpers/typeshed/third_party/2and3" type="simple" />
          </root>
        </classPath>
        <sourcePath>
          <root type="composite" />
        </sourcePath>
      </roots>
      <additional ASSOCIATED_PROJECT_PATH="$USER_HOME$/pc" />
    </jdk>
    <jdk version="2">
      <name value="Python 3.7 (pc)" />
      <type value="Python SDK" />
      <version value="Python 3.7.3" />
      <homePath value="$USER_HOME$/pc/venv/bin/python" />
      <roots>
        <classPath>
          <root type="composite">
            <root url="file:///usr/lib/python3.7" type="simple" />
            <root url="file:///usr/lib/python3.7/lib-dynload" type="simple" />
            <root url="file://$USER_HOME$/pc/venv/lib/python3.7/site-packages" type="simple" />
            <root url="file:///usr/local/lib/python3.7/dist-packages" type="simple" />
            <root url="file:///usr/lib/python3/dist-packages" type="simple" />
            <root url="file://$USER_HOME$/.PyCharmCE2019.2/system/python_stubs/-1717740240" type="simple" />
            <root url="file://$APPLICATION_HOME_DIR$/helpers/python-skeletons" type="simple" />
            <root url="file://$APPLICATION_HOME_DIR$/helpers/typeshed/stdlib/3" type="simple" />
            <root url="file://$APPLICATION_HOME_DIR$/helpers/typeshed/stdlib/2and3" type="simple" />
            <root url="file://$APPLICATION_HOME_DIR$/helpers/typeshed/third_party/3" type="simple" />
            <root url="file://$APPLICATION_HOME_DIR$/helpers/typeshed/third_party/2and3" type="simple" />
          </root>
        </classPath>
        <sourcePath>
          <root type="composite" />
        </sourcePath>
      </roots>
      <additional ASSOCIATED_PROJECT_PATH="$USER_HOME$/pc" />
    </jdk>
  </component>
</application>