<application>
  <component name="ProjectJdkTable">
    <jdk version="2">
      <name value="Python 3.5" />
      <type value="Python SDK" />
      <version value="Python 3.5.2" />
      <homePath value="/usr/bin/python3.5" />
      <roots>
        <classPath>
          <root type="composite">
            <root url="file:///usr/lib/python3.5" type="simple" />
            <root url="file:///usr/lib/python3.5/plat-x86_64-linux-gnu" type="simple" />
            <root url="file:///usr/lib/python3.5/lib-dynload" type="simple" />
            <root url="file://$USER_HOME$/.local/lib/python3.5/site-packages" type="simple" />
            <root url="file://$USER_HOME$/softlearning" type="simple" />
            <root url="file:///usr/local/lib/python3.5/dist-packages" type="simple" />
            <root url="file:///usr/lib/python3/dist-packages" type="simple" />
            <root url="file://$USER_HOME$/.PyCharmCE2019.2/system/python_stubs/-1247971764" type="simple" />
            <root url="file://$APPLICATION_HOME_DIR$/helpers/python-skeletons" type="simple" />
            <root url="file://$APPLICATION_HOME_DIR$/helpers/typeshed/stdlib/3" type="simple" />
            <root url="file://$APPLICATION_HOME_DIR$/helpers/typeshed/stdlib/2and3" type="simple" />
            <root url="file://$APPLICATION_HOME_DIR$/helpers/typeshed/third_party/3" type="simple" />
            <root url="file://$APPLICATION_HOME_DIR$/helpers/typeshed/third_party/2and3" type="simple" />
          </root>
        </classPath>
        <sourcePath>
          <root type="composite" />
        </sourcePath>
      </roots>
      <additional />
    </jdk>
    <jdk version="2">
      <name value="Python 3.7" />
      <type value="Python SDK" />
      <version value="Python 3.7.4" />
      <homePath value="/usr/bin/python3.7" />
      <roots>
        <classPath>
          <root type="composite">
            <root url="file:///usr/lib/python3.7" type="simple" />
            <root url="file:///usr/lib/python3.7/lib-dynload" type="simple" />
            <root url="file://$USER_HOME$/.local/lib/python3.7/site-packages" type="simple" />
            <root url="file://$USER_HOME$/gym" type="simple" />
            <root url="file://$USER_HOME$/gym-YumiReacher" type="simple" />
            <root url="file:///usr/local/lib/python3.7/dist-packages" type="simple" />
            <root url="file://$USER_HOME$/softlearning" type="simple" />
            <root url="file:///usr/lib/python3/dist-packages" type="simple" />
            <root url="file://$USER_HOME$/.PyCharmCE2019.2/system/python_stubs/-1247971762" type="simple" />
            <root url="file://$APPLICATION_HOME_DIR$/helpers/python-skeletons" type="simple" />
            <root url="file://$APPLICATION_HOME_DIR$/helpers/typeshed/stdlib/3" type="simple" />
            <root url="file://$APPLICATION_HOME_DIR$/helpers/typeshed/stdlib/2and3" type="simple" />
            <root url="file://$APPLICATION_HOME_DIR$/helpers/typeshed/third_party/3" type="simple" />
            <root url="file://$APPLICATION_HOME_DIR$/helpers/typeshed/third_party/2and3" type="simple" />
          </root>
        </classPath>
        <sourcePath>
          <root type="composite" />
        </sourcePath>
      </roots>
      <additional />
    </jdk>
    <jdk version="2">
      <name value="Python 3.7 (iot-architecture)" />
      <type value="Python SDK" />
      <version value="Python 3.7.4" />
      <homePath value="$USER_HOME$/iot-architecture/venv/bin/python" />
      <roots>
        <classPath>
          <root type="composite">
            <root url="file:///usr/lib/python3.7" type="simple" />
            <root url="file:///usr/lib/python3.7/lib-dynload" type="simple" />
            <root url="file://$USER_HOME$/iot-architecture/venv/lib/python3.7/site-packages" type="simple" />
            <root url="jar://$USER_HOME$/iot-architecture/venv/lib/python3.7/site-packages/setuptools-40.8.0-py3.7.egg!/" type="simple" />
            <root url="file://$USER_HOME$/iot-architecture/venv/lib/python3.7/site-packages/pip-19.0.3-py3.7.egg" type="simple" />
            <root url="file://$USER_HOME$/.PyCharmCE2019.2/system/python_stubs/-719384081" type="simple" />
            <root url="file://$APPLICATION_HOME_DIR$/helpers/python-skeletons" type="simple" />
            <root url="file://$APPLICATION_HOME_DIR$/helpers/typeshed/stdlib/3" type="simple" />
            <root url="file://$APPLICATION_HOME_DIR$/helpers/typeshed/stdlib/2and3" type="simple" />
            <root url="file://$APPLICATION_HOME_DIR$/helpers/typeshed/third_party/3" type="simple" />
            <root url="file://$APPLICATION_HOME_DIR$/helpers/typeshed/third_party/2and3" type="simple" />
          </root>
        </classPath>
        <sourcePath>
          <root type="composite" />
        </sourcePath>
      </roots>
      <additional ASSOCIATED_PROJECT_PATH="$USER_HOME$/iot-architecture" />
    </jdk>
  </component>
</application>