<application>
  <component name="UISettings">
    <option name="ANIMATE_WINDOWS" value="false" />
    <option name="EDITOR_TAB_LIMIT" value="8" />
    <option name="HIDE_NAVIGATION_ON_FOCUS_LOSS" value="false" />
    <option name="HIDE_TOOL_STRIPES" value="true" />
    <option name="MOVE_MOUSE_ON_DEFAULT_BUTTON" value="true" />
    <option name="OPEN_TABS_AT_THE_END" value="true" />
    <option name="RECENT_FILES_LIMIT" value="10" />
    <option name="SHOW_ICONS_IN_MENUS" value="false" />
    <option name="SHOW_STATUS_BAR" value="false" />
  </component>
</application>