<application>
  <component name="VimEditorSettings">
    <editor />
  </component>
  <component name="VimHistorySettings">
    <history>
      <history-search>
        <entry>_sim_model</entry>
        <entry>_kin_model</entry>
        <entry>end_effect</entry>
        <entry>pose</entry>
        <entry>Gaussian</entry>
        <entry>div</entry>
        <entry>log</entry>
        <entry>plt</entry>
        <entry>print</entry>
        <entry>gae_lamda</entry>
        <entry>gae_lamd</entry>
        <entry>collision</entry>
        <entry>timestep</entry>
        <entry>reward</entry>
        <entry>Mujoco</entry>
        <entry>env</entry>
        <entry>.idea</entry>
        <entry>cuda</entry>
        <entry>save</entry>
        <entry>get_snap</entry>
      </history-search>
      <history-cmd>
        <entry>%s/10/30/gc</entry>
        <entry>%s/30/75/gc</entry>
        <entry>s/75/1/gc</entry>
        <entry>%s/75/1/gc</entry>
        <entry>%s/1.5/2/gc</entry>
        <entry>%s/1/2/gc</entry>
        <entry>action ReopenClosedTab</entry>
        <entry>%s/pybullet_envs/parkour-learning/gc</entry>
        <entry>%s/pybullet_envs.deep_mimic.env/parkour_learning/gym_env/gc</entry>
        <entry>.,.+1tabprevious</entry>
        <entry>%s/_pybullet_client/bullet_client/gc</entry>
        <entry>%s/_sim_model/humanoid/gc</entry>
        <entry>%s/_kin_model/mocap_humanoid/gc</entry>
        <entry>%s/pose/pose_interpolator/gc</entry>
        <entry>%s/plt/matplotlib.pyplot/gc</entry>
        <entry>.tabprevious</entry>
        <entry>action EditorToggleShowLineNumbers</entry>
        <entry>action CloseEditor</entry>
        <entry>tabnext</entry>
        <entry>tabprevious</entry>
      </history-cmd>
      <history-expr />
      <history-input />
    </history>
  </component>
  <component name="VimKeySettings">
    <shortcut-conflicts>
      <shortcut-conflict owner="ide">
        <text>ctrl pressed F</text>
      </shortcut-conflict>
      <shortcut-conflict owner="ide">
        <text>ctrl pressed J</text>
      </shortcut-conflict>
      <shortcut-conflict owner="ide">
        <text>ctrl pressed U</text>
      </shortcut-conflict>
      <shortcut-conflict owner="vim">
        <text>ctrl pressed V</text>
      </shortcut-conflict>
      <shortcut-conflict owner="ide">
        <text>ctrl pressed K</text>
      </shortcut-conflict>
      <shortcut-conflict owner="ide">
        <text>ctrl pressed L</text>
      </shortcut-conflict>
      <shortcut-conflict owner="ide">
        <text>ctrl pressed A</text>
      </shortcut-conflict>
      <shortcut-conflict owner="ide">
        <text>ctrl pressed B</text>
      </shortcut-conflict>
      <shortcut-conflict owner="ide">
        <text>ctrl pressed W</text>
      </shortcut-conflict>
      <shortcut-conflict owner="ide">
        <text>ctrl pressed X</text>
      </shortcut-conflict>
      <shortcut-conflict owner="ide">
        <text>ctrl pressed M</text>
      </shortcut-conflict>
      <shortcut-conflict owner="ide">
        <text>ctrl pressed N</text>
      </shortcut-conflict>
      <shortcut-conflict owner="ide">
        <text>shift ctrl pressed 2</text>
      </shortcut-conflict>
      <shortcut-conflict owner="ide">
        <text>ctrl pressed C</text>
      </shortcut-conflict>
      <shortcut-conflict owner="ide">
        <text>ctrl pressed D</text>
      </shortcut-conflict>
      <shortcut-conflict owner="vim">
        <text>ctrl pressed Y</text>
      </shortcut-conflict>
      <shortcut-conflict owner="ide">
        <text>ctrl pressed O</text>
      </shortcut-conflict>
      <shortcut-conflict owner="ide">
        <text>ctrl pressed P</text>
      </shortcut-conflict>
      <shortcut-conflict owner="ide">
        <text>ctrl pressed E</text>
      </shortcut-conflict>
      <shortcut-conflict owner="vim">
        <text>ctrl pressed OPEN_BRACKET</text>
      </shortcut-conflict>
      <shortcut-conflict owner="ide">
        <text>ctrl pressed Q</text>
      </shortcut-conflict>
      <shortcut-conflict owner="ide">
        <text>ctrl pressed 2</text>
      </shortcut-conflict>
      <shortcut-conflict owner="vim">
        <text>ctrl pressed R</text>
      </shortcut-conflict>
      <shortcut-conflict owner="ide">
        <text>ctrl pressed G</text>
      </shortcut-conflict>
      <shortcut-conflict owner="ide">
        <text>ctrl pressed H</text>
      </shortcut-conflict>
      <shortcut-conflict owner="vim">
        <text>ctrl pressed CLOSE_BRACKET</text>
      </shortcut-conflict>
      <shortcut-conflict owner="ide">
        <text>shift ctrl pressed 6</text>
      </shortcut-conflict>
      <shortcut-conflict owner="ide">
        <text>ctrl pressed S</text>
      </shortcut-conflict>
      <shortcut-conflict owner="ide">
        <text>ctrl pressed T</text>
      </shortcut-conflict>
      <shortcut-conflict owner="ide">
        <text>ctrl pressed I</text>
      </shortcut-conflict>
    </shortcut-conflicts>
  </component>
  <component name="VimMarksSettings">
    <globalmarks />
    <filemarks>
      <file name="$USER_HOME$/predictive_processing/predproc/datasets/simple_envs/stochastic_envs.py" timestamp="1588855659434">
        <mark key="'" line="22" column="30" />
        <mark key="[" line="20" column="29" />
        <mark key="]" line="20" column="31" />
        <mark key="^" line="20" column="31" />
        <mark key="." line="20" column="30" />
      </file>
      <file name="/Dummy.txt" timestamp="1589565512020">
        <mark key="[" line="0" column="0" />
      </file>
      <file name="/Python Console" timestamp="1589566445064">
        <mark key="[" line="0" column="0" />
        <mark key="]" line="0" column="32" />
        <mark key="^" line="0" column="32" />
        <mark key="." line="0" column="31" />
      </file>
      <file name="$USER_HOME$/predictive_processing/predproc/simple_pred_proc/train.py" timestamp="1589566443611">
        <mark key="'" line="44" column="50" />
        <mark key="[" line="19" column="13" />
        <mark key="]" line="19" column="14" />
        <mark key="." line="19" column="14" />
        <mark key="^" line="19" column="14" />
      </file>
      <file name="$USER_HOME$/predictive_processing/predproc/precnet/precnet_model.py" timestamp="1589352816241">
        <mark key="'" line="492" column="0" />
        <mark key="[" line="426" column="87" />
        <mark key="]" line="426" column="98" />
        <mark key="^" line="426" column="98" />
        <mark key="." line="426" column="97" />
      </file>
      <file name="$USER_HOME$/predictive_processing/predproc/delayed_dnn/model.py" timestamp="1589470313414">
        <mark key="'" line="94" column="0" />
        <mark key="[" line="97" column="25" />
        <mark key="]" line="97" column="26" />
        <mark key="." line="97" column="26" />
        <mark key="^" line="94" column="34" />
      </file>
      <file name="$USER_HOME$/predictive_processing/predproc/precnet/train_exponential_temporal.py" timestamp="1589352530271">
        <mark key="'" line="73" column="46" />
        <mark key="[" line="32" column="28" />
        <mark key="]" line="32" column="32" />
        <mark key="." line="32" column="31" />
        <mark key="^" line="32" column="32" />
      </file>
      <file name="/a.dummy" timestamp="1589451311859">
        <mark key="[" line="0" column="1" />
      </file>
      <file name="$USER_HOME$/predictive_processing/predproc/delayed_dnn/train_hierarchical.py" timestamp="1589470083556">
        <mark key="'" line="100" column="66" />
        <mark key="[" line="30" column="27" />
        <mark key="]" line="30" column="28" />
        <mark key="." line="30" column="27" />
        <mark key="^" line="30" column="28" />
      </file>
      <file name="$USER_HOME$/rlpyt/rlpyt/models/conv2d.py" timestamp="1589383439484">
        <mark key="[" line="0" column="0" />
        <mark key="]" line="63" column="24" />
      </file>
      <file name="$USER_HOME$/predictive_processing/predproc/datasets/simple_envs/physics_env.py" timestamp="1589096836939">
        <mark key="'" line="127" column="38" />
        <mark key="[" line="152" column="0" />
        <mark key="]" line="152" column="8" />
        <mark key="^" line="181" column="53" />
        <mark key="." line="152" column="8" />
      </file>
      <file name="$USER_HOME$/predictive_processing/predproc/precnet/train_stochastic.py" timestamp="1588880518032">
        <mark key="'" line="80" column="8" />
        <mark key="[" line="0" column="0" />
        <mark key="]" line="80" column="23" />
        <mark key="^" line="35" column="58" />
        <mark key="." line="26" column="58" />
      </file>
      <file name="$USER_HOME$/predictive_processing/predproc/delayed_dnn/train_multi_prediction.py" timestamp="1588871033177">
        <mark key="'" line="27" column="26" />
        <mark key="[" line="27" column="8" />
        <mark key="]" line="27" column="21" />
        <mark key="^" line="27" column="21" />
        <mark key="." line="27" column="20" />
      </file>
      <file name="$USER_HOME$/predictive_processing/predproc/simple_pred_proc/model.py" timestamp="1589566566365">
        <mark key="'" line="128" column="0" />
        <mark key="[" line="199" column="0" />
        <mark key="]" line="199" column="63" />
        <mark key="^" line="201" column="66" />
        <mark key="." line="199" column="0" />
      </file>
      <file name="$USER_HOME$/predictive_processing/predproc/datasets/simple_envs/test_physics_env.py" timestamp="1589093221521">
        <mark key="[" line="6" column="7" />
        <mark key="]" line="6" column="27" />
        <mark key="^" line="6" column="27" />
        <mark key="." line="6" column="26" />
      </file>
      <file name="$USER_HOME$/predictive_processing/predproc/delayed_dnn/multi_prediction_model.py" timestamp="1588870867600">
        <mark key="[" line="17" column="72" />
        <mark key="]" line="17" column="74" />
        <mark key="^" line="17" column="74" />
        <mark key="." line="17" column="73" />
      </file>
      <file name="$USER_HOME$/predictive_processing/predproc/datasets/simple_envs/toy_envs.py" timestamp="1589371369364">
        <mark key="[" line="63" column="36" />
        <mark key="]" line="63" column="37" />
        <mark key="." line="63" column="37" />
        <mark key="^" line="37" column="49" />
      </file>
      <file name="$USER_HOME$/predictive_processing/predproc/precnet/train_physics_env.py" timestamp="1589096829356">
        <mark key="'" line="85" column="8" />
        <mark key="[" line="23" column="12" />
        <mark key="]" line="23" column="32" />
        <mark key="." line="23" column="31" />
        <mark key="^" line="23" column="32" />
      </file>
      <file name="$USER_HOME$/predictive_processing/predproc/delayed_dnn/train.py" timestamp="1589470092711">
        <mark key="[" line="36" column="27" />
        <mark key="]" line="36" column="28" />
        <mark key="." line="36" column="27" />
        <mark key="^" line="36" column="28" />
      </file>
      <file name="$USER_HOME$/predictive_processing/predproc/conv2d_model.py" timestamp="1589393846211">
        <mark key="[" line="29" column="35" />
        <mark key="]" line="29" column="36" />
        <mark key="." line="29" column="36" />
        <mark key="^" line="29" column="35" />
      </file>
    </filemarks>
    <jumps>
      <jump line="59" column="12" filename="$USER_HOME$/predictive_processing/predproc/hpnet/train_hpnet_mnist.py" />
      <jump line="456" column="4" filename="$USER_HOME$/rlpyt/rlpyt/utils/logging/logger.py" />
      <jump line="333" column="4" filename="$USER_HOME$/rlpyt/rlpyt/utils/logging/logger.py" />
      <jump line="378" column="0" filename="$USER_HOME$/rlpyt/rlpyt/utils/logging/logger.py" />
      <jump line="88" column="16" filename="$USER_HOME$/predictive_processing/predproc/hpnet/train_hpnet_mnist.py" />
      <jump line="65" column="44" filename="$USER_HOME$/predictive_processing/predproc/hpnet/test_hpnet.py" />
      <jump line="2" column="9" filename="$USER_HOME$/predictive_processing/predproc/hpnet/train_hpnet_mnist.py" />
      <jump line="80" column="4" filename="$USER_HOME$/predictive_processing/predproc/hpnet/train_hpnet_mnist.py" />
      <jump line="34" column="0" filename="$USER_HOME$/predictive_processing/predproc/hpnet/DATA_train.py" />
      <jump line="85" column="8" filename="$USER_HOME$/predictive_processing/predproc/hpnet/DATA_train.py" />
      <jump line="78" column="0" filename="$USER_HOME$/predictive_processing/predproc/hpnet/train_hpnet_mnist.py" />
      <jump line="78" column="0" filename="$USER_HOME$/predictive_processing/predproc/hpnet/DATA_train.py" />
      <jump line="31" column="0" filename="$USER_HOME$/predictive_processing/predproc/hpnet/train_hpnet_mnist.py" />
      <jump line="40" column="0" filename="$USER_HOME$/predictive_processing/predproc/hpnet/test_hpnet.py" />
      <jump line="15" column="0" filename="$USER_HOME$/predictive_processing/predproc/delayed_dnn/train.py" />
      <jump line="64" column="0" filename="$USER_HOME$/predictive_processing/predproc/delayed_dnn/train.py" />
      <jump line="26" column="35" filename="$USER_HOME$/predictive_processing/predproc/delayed_dnn/train_mnist.py" />
      <jump line="56" column="41" filename="$USER_HOME$/predictive_processing/predproc/delayed_dnn/train_mnist.py" />
      <jump line="29" column="43" filename="$USER_HOME$/predictive_processing/predproc/delayed_dnn/delayed_dnn_algo.py" />
      <jump line="0" column="0" filename="$USER_HOME$/rlpyt/rlpyt/utils/logging/logger.py" />
      <jump line="474" column="8" filename="$USER_HOME$/rlpyt/rlpyt/utils/logging/logger.py" />
      <jump line="26" column="22" filename="$USER_HOME$/predictive_processing/predproc/delayed_dnn/train.py" />
      <jump line="61" column="90" filename="$USER_HOME$/predictive_processing/predproc/delayed_dnn/train.py" />
      <jump line="71" column="25" filename="$USER_HOME$/.local/lib/python3.6/site-packages/torch/nn/modules/linear.py" />
      <jump line="150" column="22" filename="$USER_HOME$/predictive_processing/predproc/delayed_dnn/model.py" />
      <jump line="2" column="0" filename="$USER_HOME$/predictive_processing/predproc/delayed_dnn/model.py" />
      <jump line="271" column="0" filename="$USER_HOME$/predictive_processing/predproc/delayed_dnn/model.py" />
      <jump line="102" column="0" filename="$USER_HOME$/code/model_mnist.py" />
      <jump line="33" column="10" filename="$USER_HOME$/predictive_processing/predproc/delayed_dnn/train.py" />
      <jump line="202" column="5" filename="$USER_HOME$/predictive_processing/predproc/delayed_dnn/model.py" />
      <jump line="60" column="0" filename="$USER_HOME$/predictive_processing/predproc/datasets/simple_envs/physics_env.py" />
      <jump line="56" column="26" filename="$USER_HOME$/predictive_processing/predproc/datasets/simple_envs/stochastic_envs.py" />
      <jump line="21" column="30" filename="$USER_HOME$/predictive_processing/predproc/datasets/simple_envs/stochastic_envs.py" />
      <jump line="77" column="44" filename="$USER_HOME$/predictive_processing/predproc/delayed_dnn/train_random_walk.py" />
      <jump line="0" column="0" filename="$USER_HOME$/predictive_processing/predproc/delayed_dnn/train_random_walk.py" />
      <jump line="27" column="21" filename="$USER_HOME$/predictive_processing/predproc/delayed_dnn/train_random_walk.py" />
      <jump line="82" column="58" filename="$USER_HOME$/predictive_processing/predproc/delayed_dnn/train_random_walk.py" />
      <jump line="10" column="44" filename="$USER_HOME$/predictive_processing/predproc/delayed_dnn/train.py" />
      <jump line="0" column="0" filename="$USER_HOME$/predictive_processing/predproc/delayed_dnn/train.py" />
      <jump line="102" column="0" filename="$USER_HOME$/predictive_processing/predproc/delayed_dnn/train.py" />
      <jump line="53" column="28" filename="$USER_HOME$/predictive_processing/predproc/delayed_dnn/train_hierarchical.py" />
      <jump line="178" column="12" filename="$USER_HOME$/predictive_processing/predproc/delayed_dnn/model.py" />
      <jump line="33" column="32" filename="$USER_HOME$/predictive_processing/predproc/delayed_dnn/train_hierarchical.py" />
      <jump line="48" column="28" filename="$USER_HOME$/predictive_processing/predproc/delayed_dnn/train_hierarchical.py" />
      <jump line="69" column="12" filename="$USER_HOME$/predictive_processing/predproc/delayed_dnn/train_hierarchical.py" />
      <jump line="71" column="11" filename="$USER_HOME$/predictive_processing/predproc/delayed_dnn/train_hierarchical.py" />
      <jump line="152" column="51" filename="$USER_HOME$/predictive_processing/predproc/delayed_dnn/model.py" />
      <jump line="185" column="19" filename="$USER_HOME$/predictive_processing/predproc/delayed_dnn/convlstm.py" />
      <jump line="189" column="19" filename="$USER_HOME$/predictive_processing/predproc/delayed_dnn/convlstm.py" />
      <jump line="155" column="45" filename="$USER_HOME$/predictive_processing/predproc/delayed_dnn/model.py" />
      <jump line="132" column="0" filename="$USER_HOME$/predictive_processing/predproc/delayed_dnn/model.py" />
      <jump line="123" column="0" filename="$USER_HOME$/predictive_processing/predproc/delayed_dnn/model.py" />
      <jump line="74" column="0" filename="$USER_HOME$/predictive_processing/predproc/delayed_dnn/train.py" />
      <jump line="47" column="87" filename="$USER_HOME$/predictive_processing/predproc/precnet/train.py" />
      <jump line="44" column="21" filename="$USER_HOME$/predictive_processing/predproc/precnet/test.py" />
      <jump line="0" column="0" filename="$USER_HOME$/predictive_processing/predproc/precnet/train.py" />
      <jump line="77" column="0" filename="$USER_HOME$/predictive_processing/predproc/precnet/train.py" />
      <jump line="198" column="4" filename="$USER_HOME$/predictive_processing/predproc/precnet/precnet_model.py" />
      <jump line="301" column="8" filename="$USER_HOME$/predictive_processing/predproc/precnet/precnet_model.py" />
      <jump line="104" column="0" filename="$USER_HOME$/predictive_processing/predproc/precnet/precnet_model.py" />
      <jump line="208" column="8" filename="$USER_HOME$/predictive_processing/predproc/precnet/precnet_model.py" />
      <jump line="102" column="0" filename="$USER_HOME$/predictive_processing/predproc/precnet/precnet_model.py" />
      <jump line="61" column="29" filename="$USER_HOME$/predictive_processing/predproc/precnet/train_physics_env.py" />
      <jump line="66" column="83" filename="$USER_HOME$/predictive_processing/predproc/precnet/train_physics_env.py" />
      <jump line="213" column="0" filename="$USER_HOME$/predictive_processing/predproc/precnet/precnet_model.py" />
      <jump line="19" column="54" filename="$USER_HOME$/predictive_processing/predproc/precnet/train_physics_env.py" />
      <jump line="84" column="8" filename="$USER_HOME$/predictive_processing/predproc/precnet/train_physics_env.py" />
      <jump line="70" column="36" filename="$USER_HOME$/predictive_processing/predproc/precnet/train_stochastic.py" />
      <jump line="79" column="21" filename="$USER_HOME$/predictive_processing/predproc/precnet/train_stochastic.py" />
      <jump line="0" column="0" filename="$USER_HOME$/predictive_processing/predproc/precnet/precnet_model.py" />
      <jump line="53" column="88" filename="$USER_HOME$/predictive_processing/predproc/precnet/precnet_model_fc.py" />
      <jump line="29" column="0" filename="$USER_HOME$/predictive_processing/predproc/precnet/precnet_model_fc.py" />
      <jump line="26" column="26" filename="$USER_HOME$/predictive_processing/predproc/delayed_dnn/train_multi_prediction.py" />
      <jump line="236" column="27" filename="$USER_HOME$/predictive_processing/predproc/delayed_dnn/model.py" />
      <jump line="223" column="19" filename="$USER_HOME$/predictive_processing/predproc/delayed_dnn/model.py" />
      <jump line="56" column="28" filename="$USER_HOME$/predictive_processing/predproc/precnet/train_stochastic.py" />
      <jump line="0" column="0" filename="$USER_HOME$/predictive_processing/predproc/precnet/train_stochastic.py" />
      <jump line="80" column="8" filename="$USER_HOME$/predictive_processing/predproc/precnet/train_stochastic.py" />
      <jump line="31" column="9" filename="$USER_HOME$/predictive_processing/predproc/precnet/train_physics_env.py" />
      <jump line="0" column="0" filename="$USER_HOME$/predictive_processing/predproc/precnet/train_physics_env.py" />
      <jump line="86" column="8" filename="$USER_HOME$/predictive_processing/predproc/precnet/train_physics_env.py" />
      <jump line="83" column="0" filename="$USER_HOME$/predictive_processing/predproc/precnet/train_exponential_temporal.py" />
      <jump line="126" column="38" filename="$USER_HOME$/predictive_processing/predproc/datasets/simple_envs/physics_env.py" />
      <jump line="80" column="0" filename="$USER_HOME$/predictive_processing/predproc/precnet/train_exponential_temporal.py" />
      <jump line="498" column="0" filename="$USER_HOME$/predictive_processing/predproc/precnet/precnet_model.py" />
      <jump line="84" column="58" filename="$USER_HOME$/predictive_processing/predproc/precnet/train_exponential_temporal.py" />
      <jump line="81" column="28" filename="$USER_HOME$/predictive_processing/predproc/precnet/train_exponential_temporal.py" />
      <jump line="91" column="21" filename="$USER_HOME$/predictive_processing/predproc/precnet/train_exponential_temporal.py" />
      <jump line="74" column="46" filename="$USER_HOME$/predictive_processing/predproc/precnet/train_exponential_temporal.py" />
      <jump line="70" column="27" filename="$USER_HOME$/predictive_processing/predproc/simple_pred_proc/train.py" />
      <jump line="32" column="0" filename="$USER_HOME$/predictive_processing/predproc/simple_pred_proc/train.py" />
      <jump line="78" column="40" filename="$USER_HOME$/predictive_processing/predproc/simple_pred_proc/train.py" />
      <jump line="100" column="66" filename="$USER_HOME$/predictive_processing/predproc/delayed_dnn/train_hierarchical.py" />
      <jump line="109" column="22" filename="$USER_HOME$/predictive_processing/predproc/delayed_dnn/model.py" />
      <jump line="94" column="0" filename="$USER_HOME$/predictive_processing/predproc/delayed_dnn/model.py" />
      <jump line="127" column="0" filename="$USER_HOME$/predictive_processing/predproc/simple_pred_proc/model.py" />
      <jump line="57" column="55" filename="$USER_HOME$/predictive_processing/predproc/simple_pred_proc/train.py" />
      <jump line="29" column="63" filename="$USER_HOME$/predictive_processing/predproc/simple_pred_proc/train.py" />
      <jump line="47" column="105" filename="$USER_HOME$/predictive_processing/predproc/simple_pred_proc/train.py" />
      <jump line="44" column="50" filename="$USER_HOME$/predictive_processing/predproc/simple_pred_proc/train.py" />
    </jumps>
  </component>
  <component name="VimRegisterSettings">
    <registers>
      <register name="&quot;" type="2">
        <text encoding="base64">ICAgICAgICAgICAgbDFfaGlkZGVuX3N0YXRlID0gbDFfbHN0bV9zdGF0ZS5jaHVuaygyLCBkaW09LTEpWzBdCg==</text>
      </register>
      <register name="-" type="4">
        <text>0</text>
      </register>
      <register name="/" type="4">
        <text>get_snap</text>
      </register>
      <register name="0" type="2">
        <text encoding="base64">ICAgICAgICAgICAgbDFfaGlkZGVuX3N0YXRlID0gbDFfbHN0bV9zdGF0ZS5jaHVuaygyLCBkaW09LTEpWzBdCg==</text>
      </register>
      <register name="1" type="2">
        <text encoding="base64">ICAgICAgICBpbnRlcm5hbF9sb3NzID0gdG9yY2gubWVhbih0b3JjaC5zdGFjayhpbnRlcm5hbF9sb3NzZXMpKQo=</text>
      </register>
      <register name="2" type="2">
        <text encoding="base64">ICAgICAgICAgICAgaW50ZXJuYWxfbG9zc2VzLmFwcGVuZChzZWxmLm1zZShsMV9wcmVkLCBsMV9oaWRkZW5fc3RhdGUuZGV0YWNoKCkpKQo=</text>
      </register>
      <register name="3" type="2">
        <text encoding="base64">ICAgICAgICBpbnRlcm5hbF9sb3NzZXMgPSBbXQo=</text>
      </register>
      <register name="4" type="2">
        <text encoding="base64">ICAgICAgICAgICAgIyBpZiByYW5kb20ucmFuZGludCgwLCAzKSA9PSAxIGFuZCBleHRyYXBfc3RhcnRfdGltZSA9PSAxMDoK</text>
      </register>
      <register name="5" type="2">
        <text encoding="base64">ICAgICAgICBpbnRlcm5hbF9sb3NzID0gdG9yY2gub25lcygxKQo=</text>
      </register>
      <register name="6" type="2">
        <text encoding="base64">ICAgICAgICAjIGNsaXBfZ3JhZF92YWx1ZV8obW9kZWwucGFyYW1ldGVycygpLCAwLjAwMSkK</text>
      </register>
      <register name="7" type="2">
        <text encoding="base64">ICAgICAgICBpbnRlcm5hbF9sb3NzID0gdG9yY2gub25lcygxKQo=</text>
      </register>
      <register name="8" type="2">
        <text encoding="base64">ICAgICAgICAK</text>
      </register>
      <register name="9" type="2">
        <text encoding="base64">ICAgICAgICBzZWxmLmVuY29kZXIgPSBNbHBNb2RlbChpbnB1dF9zaXplPW9ic19sZW5ndGgsCiAgICAgICAgICAgICAgICAgICAgICAgICAgICAgICAgaGlkZGVuX3NpemVzPWhpZGRlbl9zaXplcykK</text>
      </register>
      <register name=":" type="4">
        <text>tabprevious</text>
      </register>
    </registers>
  </component>
  <component name="VimSearchSettings">
    <search>
      <last-search>get_snap</last-search>
      <last-offset />
      <last-pattern>get_snap</last-pattern>
      <last-replace>matplotlib.pyplot</last-replace>
      <last-substitute>plt</last-substitute>
      <last-dir>1</last-dir>
      <show-last>false</show-last>
    </search>
  </component>
  <component name="VimSettings">
    <state version="6" enabled="true" />
    <notifications>
      <idea-join enabled="true" />
      <idea-put enabled="false" />
    </notifications>
  </component>
</application>