<profile version="1.0">
  <option name="myName" value="Default" />
  <inspection_tool class="PyPackageRequirementsInspection" enabled="true" level="WARNING" enabled_by_default="true">
    <option name="ignoredPackages">
      <value>
        <list size="34">
          <item index="0" class="java.lang.String" itemvalue="scikit-image" />
          <item index="1" class="java.lang.String" itemvalue="decorator" />
          <item index="2" class="java.lang.String" itemvalue="six" />
          <item index="3" class="java.lang.String" itemvalue="Werkzeug" />
          <item index="4" class="java.lang.String" itemvalue="scikit-learn" />
          <item index="5" class="java.lang.String" itemvalue="dm-control" />
          <item index="6" class="java.lang.String" itemvalue="PyYAML" />
          <item index="7" class="java.lang.String" itemvalue="python-dateutil" />
          <item index="8" class="java.lang.String" itemvalue="numpy" />
          <item index="9" class="java.lang.String" itemvalue="scikit-video" />
          <item index="10" class="java.lang.String" itemvalue="mujoco-py" />
          <item index="11" class="java.lang.String" itemvalue="serializable" />
          <item index="12" class="java.lang.String" itemvalue="termcolor" />
          <item index="13" class="java.lang.String" itemvalue="multiworld" />
          <item index="14" class="java.lang.String" itemvalue="tensorflow" />
          <item index="15" class="java.lang.String" itemvalue="tensorboard" />
          <item index="16" class="java.lang.String" itemvalue="toolz" />
          <item index="17" class="java.lang.String" itemvalue="tensorflow-probability" />
          <item index="18" class="java.lang.String" itemvalue="ruamel-yaml" />
          <item index="19" class="java.lang.String" itemvalue="docutils" />
          <item index="20" class="java.lang.String" itemvalue="pyparsing" />
          <item index="21" class="java.lang.String" itemvalue="robosuite" />
          <item index="22" class="java.lang.String" itemvalue="pytest" />
          <item index="23" class="java.lang.String" itemvalue="SQLAlchemy" />
          <item index="24" class="java.lang.String" itemvalue="setuptools" />
          <item index="25" class="java.lang.String" itemvalue="dash" />
          <item index="26" class="java.lang.String" itemvalue="dash_html_components" />
          <item index="27" class="java.lang.String" itemvalue="dash_core_components" />
          <item index="28" class="java.lang.String" itemvalue="bluepy" />
          <item index="29" class="java.lang.String" itemvalue="typing" />
          <item index="30" class="java.lang.String" itemvalue="paho_mqtt" />
          <item index="31" class="java.lang.String" itemvalue="requests" />
          <item index="32" class="java.lang.String" itemvalue="PyOpenGL" />
          <item index="33" class="java.lang.String" itemvalue="PyOpenGL-accelerate" />
        </list>
      </value>
    </option>
  </inspection_tool>
  <inspection_tool class="PyPep8Inspection" enabled="false" level="WEAK WARNING" enabled_by_default="false" />
  <inspection_tool class="PyPep8NamingInspection" enabled="false" level="WEAK WARNING" enabled_by_default="false" />
  <inspection_tool class="SpellCheckingInspection" enabled="false" level="TYPO" enabled_by_default="false">
    <option name="processCode" value="true" />
    <option name="processLiterals" value="true" />
    <option name="processComments" value="true" />
  </inspection_tool>
</profile>